<?xml version="1.0" ?>
<LOG_ROOT>
	<PROJECT NAME="Lab1">
		<CBX_INST_ENTRY INSTANCE_NAME="|Lab1|addBranch:inst14|lpm_add_sub:LPM_ADD_SUB_component" CBX_FILE_NAME="add_sub_4nh.tdf"/>
		<CBX_INST_ENTRY INSTANCE_NAME="|Lab1|lpm_mux16bits2by1:inst65|LPM_MUX:LPM_MUX_component" CBX_FILE_NAME="mux_2de.tdf"/>
		<CBX_INST_ENTRY INSTANCE_NAME="|Lab1|lpm_mux16bits4by1:inst63|LPM_MUX:LPM_MUX_component" CBX_FILE_NAME="mux_5de.tdf"/>
		<CBX_INST_ENTRY INSTANCE_NAME="|Lab1|lpm_mux16bits2by1:inst17|LPM_MUX:LPM_MUX_component" CBX_FILE_NAME="mux_2de.tdf"/>
		<CBX_INST_ENTRY INSTANCE_NAME="|Lab1|lpm_mux16bits4by1:inst64|LPM_MUX:LPM_MUX_component" CBX_FILE_NAME="mux_5de.tdf"/>
		<CBX_INST_ENTRY INSTANCE_NAME="|Lab1|LPM_ROM:inst2|altrom:srom|altsyncram:rom_block" CBX_FILE_NAME="altsyncram_mo01.tdf"/>
		<CBX_INST_ENTRY INSTANCE_NAME="|Lab1|addOne:inst7|lpm_add_sub:LPM_ADD_SUB_component" CBX_FILE_NAME="add_sub_oqh.tdf"/>
		<CBX_INST_ENTRY INSTANCE_NAME="|Lab1|compare:inst9|lpm_compare:LPM_COMPARE_component" CBX_FILE_NAME="cmpr_8rg.tdf"/>
		<CBX_INST_ENTRY INSTANCE_NAME="|Lab1|dataMem:inst5|altsyncram:altsyncram_component" CBX_FILE_NAME="altsyncram_dtq3.tdf"/>
		<CBX_INST_ENTRY INSTANCE_NAME="|Lab1|lpm_mux16bits2by1:inst18|LPM_MUX:LPM_MUX_component" CBX_FILE_NAME="mux_2de.tdf"/>
		<CBX_INST_ENTRY INSTANCE_NAME="|Lab1|lpm_mux16bits4by1:inst12|LPM_MUX:LPM_MUX_component" CBX_FILE_NAME="mux_5de.tdf"/>
		<CBX_INST_ENTRY INSTANCE_NAME="|Lab1|lpm_mux16bits4by1:inst52|LPM_MUX:LPM_MUX_component" CBX_FILE_NAME="mux_5de.tdf"/>
		<CBX_INST_ENTRY INSTANCE_NAME="|Lab1|addBranch:inst8|lpm_add_sub:LPM_ADD_SUB_component" CBX_FILE_NAME="add_sub_4nh.tdf"/>
		<CBX_INST_ENTRY INSTANCE_NAME="|Lab1|lpm_mux16bits2by1:inst11|LPM_MUX:LPM_MUX_component" CBX_FILE_NAME="mux_2de.tdf"/>
		<CBX_INST_ENTRY INSTANCE_NAME="|Lab1|lpm_mux16bits2by1:inst15|LPM_MUX:LPM_MUX_component" CBX_FILE_NAME="mux_2de.tdf"/>
		<CBX_INST_ENTRY INSTANCE_NAME="|Lab1|lpm_mux16bits2by1:inst20|LPM_MUX:LPM_MUX_component" CBX_FILE_NAME="mux_2de.tdf"/>
		<CBX_INST_ENTRY INSTANCE_NAME="|Lab1|lpm_mux16bits2by1:inst55|LPM_MUX:LPM_MUX_component" CBX_FILE_NAME="mux_2de.tdf"/>
		<CBX_INST_ENTRY INSTANCE_NAME="|Lab1|lpm_mux16bits4by1:inst53|LPM_MUX:LPM_MUX_component" CBX_FILE_NAME="mux_5de.tdf"/>
		<CBX_INST_ENTRY INSTANCE_NAME="|Lab1|lpm_dff:inst50|altshift_taps:dffs_rtl_0" CBX_FILE_NAME="shift_taps_8am.tdf"/>
	</PROJECT>
</LOG_ROOT>
